Price,Promotional_Price,Url
,,/en/laptops/acer
,,/en/advice/choose-laptop.html
,,/en/laptops/apple-macbook
,,/en/laptops/asus
,,/en/laptops/best-laptops-according-to-our-customers
,,/en/laptops/laptops-for-business-use
,,/en/laptops/affordable-laptops
,,/en/laptops/chromebooks
,,/en/laptops/dell
,,/en/laptops/fast-laptops
,,/en/laptops/gaming-laptops
,,/en/laptops/hp
,,/en/laptops/huawei
,,/en/laptops/intel-core-i5-processor
,,/en/laptops/intel-core-i7-processor
,,/en/laptop-accessories
,,/en/laptops/promotion
,,/en/advice/laptop-support.html
,,/en/laptops/laptops-for-on-the-go
,,/en/laptops/laptops-for-photo-editing
,,/en/laptops/laptops-for-video-editing
,,/en/laptops/laptops-full-hd-movies
,,/en/laptops/16-gb-ram
,,/en/laptops/32-gb-ram
,,/en/laptops/4-gb-ram
,,/en/laptops/8-gb-ram
,,/en/laptops/8th-generation-intel-processor
,,/en/laptops/amd-ryzen-processors
,,/en/laptops/hdd
,,/en/laptops/integrated-dvd-player
,,/en/laptops/intel-core-processor-i3-i5-i7
,,/en/laptops/intel-pentium-processor
,,/en/laptops/ssd
,,/en/laptops/touchscreen
,,/en/laptops/lenovo
,,/en/laptops/light-laptops
,,/en/laptops/medion
,,/en/laptops/microsoft/microsoft-surface
,,/en/laptops/mini-laptops
,,/en/laptops/second-chance
,,/en/laptops/student-laptops
,,/en/laptops/thin-laptops
,,/en/laptops/top-10
,,/en/laptops/toshiba
,,/en/laptops/ultrabooks
,,/en/laptops/with-windows-10
,,/en/laptops/11-inch-screen
,,/en/laptops/12-inch-screen
,,/en/laptops/13-inch-screen
,,/en/laptops/14-inch-screen
,,/en/laptops/17-inch-screen
,,/en/laptops/2-in-1-laptops
,,/en/laptops/medion/medion-akoya
,,/en/advice/release-microsoft-surface-pro-5.html
,,/en/laptops/microsoft/surface-book
,,/en/laptops/microsoft/microsoft-surface-go
,,/en/laptops/microsoft/microsoft-surface-laptop
,,/en/laptops/microsoft/microsoft-surface-pro
,,/en/laptops/lenovo/lenovo-ideapad
,,/en/laptops/lenovo/lenovo-legion
,,/en/advice/lenovo-laptop-support.html
,,/en/laptops/lenovo/lenovo-thinkpad
,,/en/laptops/lenovo/lenovo-yoga
,,/en/advice/differences-lenovo-product-series.html
,,/en/advice/compare-laptop-hdd-and-ssd.html
,,/en/advice/what-type-of-ssd-needed-laptop.html
,,/en/laptops/17-inch-screen/top-10
,,/en/laptops/17-inch-screen/promotion
,,/en/advice/2-in-1.html
,,/en/laptops/2-in-1-laptops/detachable-2-in-1-laptops
,,/en/laptops/13-inch-screen/top-10
,,/en/advice/lenovo-yoga-book.html
,,/en/laptops/lenovo/lenovo-yoga/lenovo-yoga-520
,,/en/advice/4-work-modes-lenovo-yoga.html
,,/en/laptops/lenovo/lenovo-ideapad-320
,,/en/laptops/microsoft/microsoft-surface-pro-6
,,/en/laptops/lenovo/lenovo-ideapad-520
,,/en/laptops/microsoft/microsoft-surface-laptop-2
,,/en/laptops/microsoft/surface-book-2
,,/en/advice/windows-10.html
,,/en/laptops/with-windows-10/ssd
,,/en/laptops/with-windows-10-s
,,/en/laptops/with-windows-10/ultra-lightweight-laptops
,,/en/advice/windows-support.html
,,/en/laptops/with-windows-10/2-in-1-laptops
,,/en/laptops/toshiba/toshiba-satellite
,,/en/laptops/student-laptops/top-10
,,/en/advice/what-student-laptop-is-best-for-you.html
,,/en/laptops/ultrabooks/top-10
,,/en/advice/laptop-for-on-the-go.html
,,/en/laptops/laptops-for-on-the-go/2-in-1-laptops
,,/en/advice/photo-editing.html
,,/en/advice/video-editing.html
,,/en/advice/windows-10-s.html
,,/en/advice/install-windows-10-s.html
,,/en/laptop-sleeves
,,/en/software/office-software
,,/en/mouses
,,/en/external-hard-drives
,,/en/chargers-for-laptops
,,/en/laptop-stands
,,/en/data-cables
,,/en/docking-stations/docking-stations-for-laptops
,,/en/cable-converters
,,/en/usb-hubs
,,/en/laptop-bags/shoulder-bags-for-laptops
,,/en/backpacks/laptop-backpacks
,,/en/software/antivirus-and-security-software
,,/en/software/editing-software
,,/en/optical-drives
,,/en/pc-speakers
,,/en/printers
,,/en/laptops/intel-core-i7-processor/promotion
,,/en/laptops/hp/hp-elitebook
,,/en/laptops/hp/hp-envy
,,/en/laptops/hp/hp-omen
,,/en/laptops/hp/hp-pavilion
,,/en/laptops/hp/hp-probook
,,/en/laptops/hp/hp-spectre
,,/en/advice/hp-laptops.html
,,/en/laptops/hp/hp-x360
,,/en/advice/differences-hp-product-series.html
,,/en/laptops/hp/17-inch-screen
,,/en/laptops/laptops-for-minecraft
,,/en/laptops/gtx-1050-and-1050ti-video-card
,,/en/laptops/gtx-1060-1070-and-1080-video-card
,,/en/laptops/gaming-laptops/rtx-2060-2070-2080-video-card
,,/en/laptops/gaming-laptops/top-10
,,/en/advice/choose-laptop-for-vr-games.html
,,/en/advice/choose-the-right-gaming-laptop.html
,,/en/advice/laptop-business.html
,,/en/advice/everything-on-decorating-your-workplace.html
,,/en/advice/everything-on-windows-10-pro.html
,,/en/advice/upgrade-warranty-business-laptop.html
,,/en/advice/remote-desktop.html
,,/en/laptops/laptops-with-windows-10-pro
,,/en/advice/choose-business-laptop.html
,,/en/laptops/dell/dell-vostro
,,/en/advice/product-series-business-laptop.html
,,/en/laptops/dell/dell-xps
,,/en/laptops/acer/laptops-with-windows-10-pro
,,/en/advice/speed-of-a-laptop.html
,,/en/advice/fast-laptop.html
,,/en/advice/all-advice-on-chromebook.html
,,/en/advice/everything-on-chromebook.html
,,/en/advice/everything-on-chrome-os.html
,,/en/advice/connect-printer-chromebook.html
,,/en/advice/set-up-chromebook.html
,,/en/advice/play-store-chromebook.html
,,/en/advice/chromebook-cloud-pros-cons.html
,,/en/advice/chromebook-or-laptop.html
,,/en/optical-drives/apple
,,/en/pc-speakers/bose
,,/en/pc-speakers/edifier
,,/en/pc-speakers/logitech
,,/en/pc-speakers/pc-speakers-for-gaming
,,/en/pc-speakers/2-0-sound
,,/en/pc-speakers/5-1-surround-sound
,,/en/pc-speakers/top-10
,,/en/pc-speakers/trust
,,/en/advice/install-eset-android.html
,,/en/advice/install-eset-macos.html
,,/en/advice/install-eset-windows.html
,,/en/advice/install-eset.html
,,/en/advice/install-kaspersky.html
,,/en/advice/install-mcafee.html
,,/en/advice/install-norton.html
,,/en/advice/install-norton-on-tablet-smartphone.html
,,/en/advice/remove-mcafee.html
,,/en/advice/extend-kaspersky.html
,,/en/advice/best-antivirus-program.html
,,/en/software/antivirus-and-security-software/mcafee
,,/en/printers/a3-printers
,,/en/printers/a4-printers
,,/en/advice/printers.html
,,/en/printers/apple-airprint-compatible
,,/en/printers/bluetooth
,,/en/printers/brother
,,/en/printers/canon
,,/en/printers/cheap-printers
,,/en/printers/printers-that-print-double-sided
,,/en/printers/epson
,,/en/advice/add-printer-windows-10.html
,,/en/advice/printer-streaks.html
,,/en/printers/hp
,,/en/advice/set-up-printer-per-brand.html
,,/en/printers/laser-printers
,,/en/printers/photo-printers
,,/en/advice/printer-doesnt-work.html
,,/en/printers/promotions
,,/en/printers/printers-for-home
,,/en/printers/cashback-discount
,,/en/printers/without-fax
,,/en/advice/print-from-phone.html
,,/en/printers/samsung
,,/en/advice/printer-doesnt-recognize-own-brand.html
,,/en/advice/inkjet-or-laser.html
,,/en/printers/wifi
,,/en/printers/wired-network-printers
,,/en/backpacks/laptop-backpacks/eastpak
,,/en/backpacks/laptop-backpacks/13-inch-laptop-compartment
,,/en/backpacks/laptop-backpacks/14-inch-laptop-compartment
,,/en/backpacks/laptop-backpacks/15-inch-laptop-compartment
,,/en/backpacks/laptop-backpacks/15-6-inch-laptop-compartment
,,/en/backpacks/laptop-backpacks/16-inch-laptop-compartment
,,/en/backpacks/laptop-backpacks/17-inch-laptop-compartment
,,/en/backpacks/laptop-backpacks/17-3-inch-laptop-compartment
,,/en/backpacks/laptop-backpacks/leather
,,/en/backpacks/laptop-backpacks/the-north-face
,,/en/backpacks/laptop-backpacks/for-women
,,/en/laptops/hp/hp-spectre/hp-spectre-x360
,,/en/advice/expert-review-hp-spectre.html
,,/en/printers/normal-printers-for-home
,,/en/printers/basic-printers-for-your-home
,,/en/advice/printers-for-home.html
,,/en/printers/photo-printers/professional-photo-printers
,,/en/printers/laser-printers/brother
,,/en/printers/laser-printers/hp
,,/en/printers/laser-printers/top-10
,,/en/printers/epson-ecotank
,,/en/printers/epson/epson-workforce
,,/en/advice/installing-epson-printer.html
,,/en/printers/hp/hp-deskjet
,,/en/printers/hp/hp-envy
,,/en/printers/hp/hp-laserjet
,,/en/printers/hp/hp-officejet
,,/en/printers/hp/promotions
,,/en/printers/hp/hp-instant-ink
,,/en/advice/hp-printer-setup.html
,,/en/printers/canon/canon-i-sensys
,,/en/printers/canon/canon-maxify
,,/en/printers/canon/cashback-discount
,,/en/printers/canon/canon-pixma
,,/en/printers/canon/promotions
,,/en/advice/solve-error-codes-canon-printers.html
,,/en/advice/set-up-canon-printer.html
,,/en/printers/brother/brother-dcp
,,/en/printers/brother/brother-hl
,,/en/printers/brother/brother-mfc
,,/en/printers/brother/cashback-discount
,,/en/advice/installing-brother-printer.html
,,/en/printers/brother/a3-printers
,,/en/advice/hp-instant-ink.html
,,/en/printers/canon/canon-pixma-ip
,,/en/printers/canon/canon-pixma-mg
,,/en/laptops/dell/dell-xps-15
,,/en/laptops/hp/hp-probook/hp-probook-430
,,/en/advice/hp-pavilion-15-cs0952nd-review.html
,,/en/laptops/hp/hp-probook/hp-probook-450
,,/en/laptops/hp/hp-probook/hp-probook-470
,,/en/laptops/hp/hp-pavilion-14
,,/en/laptops/hp/hp-pavilion/hp-pavilion-x360
,,/en/laptops/hp/hp-omen/15-inch-screen
,,/en/laptops/hp/hp-omen/17-inch-screen
,,/en/laptops/hp/hp-elitebook/hp-elitebook-840
,,/en/cable-converters/cable-converters-for-hdmi-ports
,,/en/cable-converters/cable-converters-for-standard-display-ports
,,/en/cable-converters/mini-displayport-converters
,,/en/cable-converters/cable-converters-for-dvi-cables
,,/en/cable-converters/cable-converters-for-vga-cables
,,/en/cable-converters/cable-converters-for-usb-a-ports
,,/en/cable-converters/cable-converters-for-usb-c-ports
,,/en/cable-converters/apple-lightning-connector
,,/en/advice/choose-cable-converter.html
,,/en/advice/apple-cable-converters.html
,,/en/usb-hubs/belkin
,,/en/usb-hubs/startech
,,/en/usb-hubs/trust
,,/en/usb-hubs/ethernet-connection
,,/en/usb-hubs/power-supply
,,/en/usb-hubs/usb-3-0-connector
,,/en/docking-stations/docking-stations-for-laptops/dell
,,/en/docking-stations/docking-stations-for-laptops/hp
,,/en/docking-stations/docking-stations-for-laptops/hyper
,,/en/docking-stations/docking-stations-for-laptops/lenovo
,,/en/docking-stations/docks-for-laptops/startech
,,/en/docking-stations/docking-stations-for-laptops/usb-c-connector
,,/en/advice/external-hard-drives.html
,,/en/advice/compare-external-ssd-hdd-usb-flash-drive.html
,,/en/external-hard-drives/for-mac
,,/en/external-hard-drives/for-windows
,,/en/external-hard-drives/data-recovery-service-included
,,/en/external-hard-drives/back-up-function
,,/en/external-hard-drives/metal
,,/en/external-hard-drives/shock-resistant
,,/en/external-hard-drives/top-10
,,/en/external-hard-drives/usb-c-connector
,,/en/external-hard-drives/1-tb-storage-capacity
,,/en/external-hard-drives/2-tb-storage-capacity
,,/en/external-hard-drives/4-tb-storage-capacity
,,/en/external-hard-drives/500gb-storage-capacity
,,/en/advice/compare-microsoft-office.html
,,/en/advice/install-office.html
,,/en/advice/how-do-i-extend-microsoft-office-365.html
,,/en/software/office-software/microsoft-office-2019
,,/en/software/office-software/microsoft-office-365
,,/en/software/office-software/for-1-user
,,/en/software/office-software/microsoft-office-for-business-use
,,/en/software/office-software/microsoft-office-for-private-use
,,/en/software/office-software/including-microsoft-outlook
,,/en/mouses/ergonomic
,,/en/mouses/gaming-mouses
,,/en/mouses/hp
,,/en/mouses/microsoft
,,/en/mouses/promotion
,,/en/mouses/r-go
,,/en/mouses/top-10
,,/en/mouses/touch-mouses
,,/en/mouses/trackball-mouses
,,/en/mouses/trust
,,/en/advice/choosing-mouse.html
,,/en/mouses/wired
,,/en/mouses/wireless-connection
,,/en/advice/choose-the-right-laptop-sleeve.html
,,/en/laptop-sleeves/15-inch-laptop-compartment
,,/en/laptop-sleeves/for-apple-macbook
,,/en/laptop-sleeves/apple
,,/en/laptops/asus/chromebooks
,,/en/advice/asus-laptop-support.html
,,/en/advice/differences-asus-product-series.html
,,/en/advice/advice-on-apple-macbook.html
,,/en/apple-macbook-accessories
,,/en/laptops/apple-macbook/apple-macbook-air
,,/en/laptops/apple-macbook/apple-macbook-pro
,,/en/laptops/apple-macbook/promotion
,,/en/advice/apple-macbook-support.html
,,/en/advice/compare-macbooks.html
,,/en/advice/apple-imac-vs-macbook.html
,,/en/advice/macbook-12-inch-vs-13-inch.html
,,/en/advice/macbook-air-vs-macbook-pro.html
,,/en/advice/macbook-pro-touch-bar-vs-macbook-po-retina.html
,,/en/advice/extend-battery-life-macbook.html
,,/en/advice/install-macos.html
,,/en/advice/backup-a-macbook.html
,,/en/advice/return-apple-macbook-to-factory-settings.html
,,/en/advice/set-up-email-macbook.html
,,/en/advice/take-screenshot-apple-macbook.html
,,/en/advice/transfer-data-old-mac.html
,,/en/laptops/apple-macbook/intel-core-i5-processor
,,/en/laptops/apple-macbook/intel-core-i7-processor
,,/en/advice/expert-review-apple-macbook-air-2018.html
,,/en/advice/macbook-for-economics-students.html
,,/en/laptops/apple-macbook/macbook-for-graphic-students
,,/en/advice/apple-macbook-for-graphic-design.html
,,/en/laptops/apple-macbook/laptops-for-photo-editing
,,/en/advice/macbook-for-students.html
,,/en/laptops/apple-macbook/student-laptops
,,/en/laptops/apple-macbook/macbook-for-it-and-technical-students
,,/en/laptops/apple-macbook/laptops-for-video-editing
,,/en/laptops/apple-macbook/laptops-full-hd-movies
,,/en/laptops/apple-macbook/macbook-for-economics-students
,,/en/laptops/apple-macbook/macbook-for-students
,,/en/laptops/apple-macbook/laptops-for-on-the-go
,,/en/advice/microsoft-office-use-macbook.html
,,/en/advice/apple-macbook-startup-issues.html
,,/en/advice/macbook-keyboard-doesnt-respond.html
,,/en/advice/life-hacks-macbook.html
,,/en/advice/usb-c-connectors-macbook.html
,,/en/advice/what-is-mac-os.html
,,/en/advice/which-macbook-suits-my-studies.html
,,/en/advice/reasons-to-use-macbook-for-studies.html
,,/en/laptops/apple-macbook/12-inch-screen
,,/en/laptops/apple-macbook/13-inch-screen
,,/en/advice/lifehacks-macbook-for-pros.html
,,/en/advice/apple-watch-macbook.html
,,/en/advice/apple-tv-macbook.html
,,/en/advice/reasons-to-buy-macbook.html
,,/en/advice/switch-windows-macbook.html
,,/en/advice/apple-iphone-works-with-macbook.html
,,/en/advice/lifehacks-macbook-for-beginners.html
,,/en/docking-stations/docking-stations-for-laptops/usb-c-connector/thunderbolt-connector
,,/en/advice/connect-wireless-mouse.html
,,/en/advice/everything-on-apple-macbook-12-inches.html
,,/en/advice/best-apple-macbook-accessories.html
,,/en/chargers-for-laptops/magsafe-connector
,,/en/mouses/apple
,,/en/keyboards/apple
,,/en/laptop-stands/for-apple-macbook
,,/en/advice/what-is-the-apple-macbook-air-2018.html
,,/en/laptops/apple-macbook/apple-macbook-air/apple-macbook-air-2018
,,/en/advice/everything-on-apple-macbook-air.html
,,/en/laptops/apple-macbook/apple-macbook-pro/13-inch-screen
,,/en/laptops/apple-macbook/apple-macbook-pro/15-inch-screen
,,/en/laptops/apple-macbook/apple-macbook-pro-2017
,,/en/laptops/apple-macbook/apple-macbook-pro-2018
,,/en/advice/everything-on-apple-macbook-pro.html
,,/en/laptops/apple-macbook/apple-macbook-pro/integrated-touch-bar
,,/en/laptops/apple-macbook/apple-macbook-pro/second-chance
,,/en/advice/touch-bar-review.html
,,/en/advice/choosing-gaming-mouse.html
,,/en/mouses/gaming-mouses/corsair
,,/en/mouses/gaming-mouses/promotion
,,/en/mouses/gaming-mouses/high-sensitivity-gaming-mouses
,,/en/mouses/gaming-mouses/low-sensitivity-gaming-mouses
,,/en/mouses/gaming-mouses/logitech-g
,,/en/mouses/gaming-mouses/razer
,,/en/mouses/gaming-mouses/topnotch-build-quality/at-least-6-buttons/between-51-and-80-euros
,,/en/mouses/gaming-mouses/at-least-6-buttons/dpi-adjustable/from-81-euros
,,/en/mouses/gaming-mouses/at-least-6-buttons/up-to-50-euros
,,/en/mouses/gaming-mouses/trust
,,/en/advice/what-is-mouse-dpi.html
,,/en/mouses/gaming-mouses/wireless-connection
,,/en/mouses/vertical-mouses
,,/en/mouses/ergonomic/wireless-connection
,,/en/advice/macbook-pro-13-inch-touch-bar-vs-macbook-pro-15-inch-touch-bar.html
,,/en/advice/macbook-pro-touch-bar-review.html
,,/en/advice/touch-bar-doesnt-respond.html
,,/en/advice/apple-macbook-pro-2018.html
,,/en/laptops/apple-macbook/apple-macbook-pro-2018/13-inch-screen
,,/en/laptops/apple-macbook/apple-macbook-pro-2018/15-inch-screen
,,/en/advice/compare-apple-magic-trackpad-2-with-magic-mouse-2.html
,,/en/advice/choosing-a-charger-for-macbook.html
,,/en/advice/logitech-g-powerplay.html
,,/en/advice/expert-review-logitech-g-powerplay.html
,,/en/cable-converters/cable-converters-for-usb-ports-with-image-output
,,/en/cable-converters/usb-c-connector/apple
,,/en/laptops/acer/acer-aspire
,,/en/laptops/acer/acer-predator
,,/en/laptops/acer/acer-spin
,,/en/advice/acer-laptop-support.html
,,/en/laptops/acer/acer-travelmate
,,/en/laptops/acer/acer-aspire-5
,,/en/laptops/acer/acer-aspire-7
,,/en/advice/expert-review-acer-aspire-3-a315-21-68g4.html
